symbol,title,date
ACB,ACB: Báo cáo thay đổi sở hữu cổ đông lớn Nguyễn Đức Hiếu Johnny,2026-06-11 13:59:39
DGC,DGC: Nghị quyết HĐQT thông qua chủ trương chuyển nhượng Nhà máy cồn Đức Giang,2026-06-10 11:10:35
DGC,Hoá chất Đức Giang (DGC) muốn chuyển nhượng nhà máy cồn từng mua với giá hơn 253 tỷ đồng,2026-06-10 07:17:00
GAS,GAS: Nghị quyết HĐQT số 60 ngày 09/06/2026,2026-06-11 14:36:46
SHB,SHB: Quyết định của HĐQT về việc điều chỉnh tên gọi của Chi nhánh SHB Đồng Nai và các PGD trực thuộc,2026-06-10 17:22:17
SSB,SSB: Thông báo về việc ký Hợp đồng kiểm toán BCTC năm 2026,2026-06-11 17:23:04
SSI,SSI: Thông báo nhận được Văn bản của UBCKNN về việc chấp thuận đóng cửa Chi nhánh Mỹ Đình,2026-06-11 17:57:13
VJC,VJC: Thông báo về ngày ĐKCC để trả cổ tức bằng CP năm 2025,2026-06-10 13:50:00
VPB,VPB: Nghị quyết HĐQT về thay đổi tên gọi và địa điểm chi nhánh Lê Đại Hành,2026-06-10 17:35:27
