symbol,organ_name
TCB,Ngân hàng TMCP Kỹ thương Việt Nam
VGI,Tổng Công ty cổ phần Đầu tư Quốc tế Viettel
VKP,CTCP Nhựa Tân Hóa
AGM,CTCP Xuất Nhập khẩu An Giang
BKC,CTCP Khoáng sản Bắc Kạn
VGS,CTCP Ống thép Việt - Đức VG PIPE
POB,CTCP Xăng dầu Dầu khí Hưng Yên
VNG,CTCP Du lịch Thành Thành Công
PVL,CTCP Địa ốc Dầu khí
ACE,CTCP Bê tông Ly tâm An Giang
IDC,Tổng Công ty IDICO - CTCP
VLG,CTCP VIMC Logistics
TRV,CTCP Vận tải Đường sắt
PVO,CTCP Dầu nhờn PV Oil
GTD,CTCP Giầy Thượng Đình
NTT,CTCP Dệt - May Nha Trang
BSD,"CTCP Bia, Rượu Sài Gòn - Đồng Xuân"
IJC,CTCP Phát triển Hạ tầng Kỹ thuật
KOS,CTCP KOSY
CCM,CTCP khoáng sản và Xi măng Cần Thơ
THT,CTCP Than Hà Tu - Vinacomin
MGC,CTCP Địa chất mỏ - TKV
VMT,CTCP Giao nhận Vận tải miền Trung
MHC,CTCP MHC
VTD,CTCP Vietourist Holdings
LMH,CTCP Quốc Tế Holding
PGI,Tổng Công ty cổ phần Bảo hiểm Petrolimex
SBT,CTCP Thành Thành Công - Biên Hòa
LLM,Tổng Công ty Lắp máy Việt Nam - CTCP
TMW,CTCP Tổng hợp Gỗ Tân Mai
NBW,CTCP Cấp nước Nhà Bè
HPO,CTCP Công nghiệp Hapulico
KSQ,CTCP CNC Capital Việt Nam
BTU,CTCP Công trình Đô thị Bến Tre
HSV,CTCP Tập đoàn HSV Việt Nam
VXT,CTCP Kho vận và Dịch vụ Thương mại
PXT,CTCP Xây lắp Đường ống Bể chứa Dầu khí
ANV,CTCP Nam Việt
TNV,CTCP Thống Nhất Hà Nội
CST,CTCP Than Cao Sơn - TKV
HVX,CTCP Xi măng VICEM Hải Vân
TAW,CTCP Cấp nước Trung An
NT2,CTCP Điện lực Dầu khí Nhơn Trạch 2
MWG,CTCP Đầu tư Thế giới Di động
WSS,CTCP Chứng khoán Phố Wall
HWS,CTCP Cấp nước Huế
CFV,CTCP Cà phê Thắng Lợi
TNA,CTCP Thương mại Xuất nhập khẩu Thiên Nam
SSN,CTCP Xuất nhập khẩu Thủy sản Sài Gòn
TNG,CTCP Đầu tư và Thương mại TNG
SJM,CTCP Sunspace Holdings
GEX,CTCP Tập đoàn GELEX
FOX,CTCP Viễn thông FPT
HDW,CTCP Kinh doanh Nước sạch Hải Dương
MDA,CTCP Môi trường Đô thị Đông Anh
IDP,CTCP Sữa Quốc tế Lof
EME,CTCP Điện cơ
PEQ,CTCP Thiết bị Xăng dầu Petrolimex
IRC,CTCP Cao su Công nghiệp
CAD,CTCP Chế biến và Xuất nhập khẩu Thủy sản Cadovimex
VNL,CTCP Logistics Vinalink
KHP,CTCP Điện lực Khánh Hòa
PVV,CTCP Vinaconex 39
PSH,CTCP Thương mại Đầu tư Dầu khí Nam Sông Hậu
PTP,CTCP PTP
VKC,CTCP VKC Holdings 
HTN,CTCP Hưng Thịnh Incons
TCL,CTCP Đại lý Giao nhận Vận tải Xếp dỡ Tân Cảng
IME,CTCP Cơ khí và Xây lắp Công nghiệp
VIC,Tập đoàn VINGROUP - CTCP
REE,CTCP Cơ Điện Lạnh
TUG,CTCP Lai Dắt và Vận tải Cảng Hải Phòng
TNT,CTCP Tập đoàn TNT
BCC,CTCP Xi măng Bỉm Sơn
KDM,CTCP Tập Đoàn GCL
FDC,CTCP Ngoại thương và Phát triển Đầu tư Thành phố Hồ Chí Minh
LEC,CTCP Bất động sản Điện lực Miền Trung
SCC,CTCP Thương mại Đầu tư SHB
GTT,CTCP Thuận Thảo
DST,CTCP Đầu tư Sao Thăng Long
HLB,CTCP Bia và Nước giải khát Hạ Long
PTT,CTCP Vận tải Dầu khí Đông Dương
CCP,CTCP Cảng Cửa Cấm Hải Phòng
VCX,CTCP Xi măng Yên Bình
VCM,CTCP BV Life
DCS,CTCP Tập đoàn EDX
BT1,CTCP Bảo vệ Thực vật 1 Trung Ương
CDC,CTCP Chương Dương
C92,CTCP Xây dựng và Đầu tư 492
LKW,CTCP Cấp nước Long Khánh
HBH,CTCP Habeco - Hải Phòng
VFR,CTCP Vận tải và Thuê tàu
TDP,CTCP Thuận Đức
SSB,Ngân hàng TMCP Đông Nam Á
CTF,CTCP City Auto
HPT,CTCP Dịch vụ Công nghệ Tin học HPT
PHH,CTCP Hồng Hà Việt Nam
CNA,CTCP Tổng Công ty Chè Nghệ An
HLC,CTCP Than Hà Lầm - Vinacomin
AIC,Tổng Công ty Cổ phần Bảo hiểm DBV
TPB,Ngân hàng TMCP Tiên Phong
DOC,CTCP Vật tư Nông Nghiệp Đồng Nai
VLB,CTCP Xây dựng và Sản xuất Vật liệu xây dựng Biên Hòa
PVC,Tổng Công ty Hóa chất và Dịch vụ Dầu khí - CTCP
VHM,CTCP Vinhomes
SAM,CTCP SAM Holdings
PTV,CTCP Thương mại Dầu khí
SPV,CTCP Thủy Đặc sản
VTH,CTCP Dây cáp Điện Việt Thái
VE9,CTCP Đầu tư và Xây dựng VNECO 9
KCB,CTCP Khoáng sản và Luyện kim Cao Bằng - Vimico
TTB,CTCP TTBGroup
QCC,CTCP Đầu tư Xây dựng và Phát triển Hạ tầng Viễn thông
PMJ,CTCP Vật tư Bưu Điện
DTA,CTCP Đệ Tam
TBD,Tổng Công ty Thiết bị Điện Đông Anh - CTCP
TSB,CTCP Ắc quy Tia Sáng
NLS,CTCP Cấp thoát nước Lạng Sơn
CII,CTCP Đầu tư Hạ tầng Kỹ thuật Thành phố Hồ Chí Minh
TMT,CTCP Ô tô TMT
HAN,Tổng Công ty Xây dựng Hà Nội - CTCP
DDM,CTCP Hàng Hải Đông Đô
SGH,CTCP Khách sạn Sài Gòn
NET,CTCP Bột giặt NET
DSE,CTCP Chứng khoán DNSE
L45,CTCP Lilama 45.1
TOT,CTCP Transimex Logistics
RCD,CTCP Xây dựng - Địa ốc Cao su
DNA,CTCP Điện Nước An Giang
RAL,CTCP Bóng đèn Phích nước Rạng Đông
VSC,CTCP Container Việt Nam
SDN,CTCP Sơn Đồng Nai
CC1,Tổng Công ty Xây dựng Số 1 - CTCP
DSD,CTCP DHC Suối Đôi
SP2,CTCP Thủy điện Sử Pán 2
CCV,CTCP Tư vấn Xây dựng Công nghiệp và Đô thị Việt Nam
PMG,CTCP Đầu tư và Sản xuất Petro Miền Trung
MFS,CTCP Dịch vụ Kỹ thuật Mobifone
PXL,CTCP Đầu tư Khu Công nghiệp Dầu khí Long Sơn
OIL,Tổng Công ty Dầu Việt Nam - CTCP
HAS,CTCP Hacisco
TVT,Tổng Công ty Việt Thắng - CTCP
PSD,CTCP Dịch vụ Phân phối Tổng hợp Dầu khí
SHE,CTCP Phát triển Năng lượng Sơn Hà
DSH,CTCP Đông Sơn Holding
X77,CTCP Thành An 77
VMS,CTCP Phát triển Hàng Hải
CDG,CTCP Cầu Đuống
HTC,CTCP Thương mại Hóc Môn
NAG,CTCP Tập đoàn Nagakawa
PTE,CTCP Xi măng Phú Thọ
HD2,CTCP Đầu tư Phát triển Nhà HUD2
SKN,CTCP Nước giải khát Sanna Khánh Hòa
POV,CTCP Xăng dầu Dầu khí Vũng Áng
DTD,CTCP Đầu tư Phát triển Thành Đạt
CPH,CTCP Phục vụ Mai táng Hải Phòng
SD3,CTCP Sông Đà 3
TBC,CTCP Thủy điện Thác Bà
DAE,CTCP Sách Giáo dục tại Thành phố Đà Nẵng
CAT,CTCP Thủy sản Cà Mau
DHT,CTCP Dược phẩm Hà Tây
HPM,CTCP Xây dựng Thương mại và Khoáng Sản Hoàng Phúc
HID,CTCP Halcom Việt Nam
GCB,CTCP Petec Bình Định
V12,CTCP Xây dựng Số 12
PTD,CTCP Thiết kế Xây dựng Thương mại Phúc Thịnh
SIV,CTCP SIVICO
CHP,CTCP Thủy điện Miền Trung
DWC,CTCP Cấp nước Đắk Lắk
UDL,CTCP Đô thị và Môi trường Đắk Lắk
TID,CTCP Tổng Công ty Tín Nghĩa
DMC,CTCP Xuất nhập khẩu Y Tế DOMESCO
VHC,CTCP Vĩnh Hoàn
VC6,CTCP Xây dựng và Đầu tư Visicons
BHP,CTCP Bia Hà Nội - Hải Phòng
XLV,CTCP Xây Lắp và Dịch vụ Sông Đà
DHN,CTCP Dược phẩm Hà Nội
MTS,CTCP Vật tư - TKV
MCH,CTCP Hàng tiêu dùng Masan
TV2,CTCP Tư vấn Xây dựng Điện 2
FSO,CTCP Cơ khí đóng tàu Thủy sản Việt Nam
EIC,CTCP EVN Quốc tế
VTP,Tổng Công ty cổ phần Bưu chính Viettel
TTE,CTCP Đầu tư Năng lượng Trường Thịnh
DHA,CTCP Hóa An
BLN,CTCP Vận tải và Dịch vụ Liên Ninh
MTP,CTCP Dược Medipharco
CCL,CTCP Đầu tư và Phát triển Đô thị Dầu khí Cửu Long
ODE,CTCP Tập đoàn Truyền thông và Giải trí ODE
FBC,CTCP Cơ khí Phổ Yên
EBS,CTCP Sách Giáo dục tại Thành phố Hà Nội
GER,CTCP Thể thao Ngôi sao Geru
TIP,CTCP Phát triển Khu Công nghiệp Tín Nghĩa
TIX,CTCP Sản xuất Kinh doanh Xuất nhập khẩu Dịch vụ và Đầu tư Tân Bình
BMK,CTCP Kỹ thuật nhiệt Mèo Đen
SHA,CTCP Sơn Hà Sài Gòn
SZE,CTCP Môi trường Sonadezi
VNC,CTCP Tập đoàn Vinacontrol
BTS,CTCP Xi măng VICEM Bút Sơn
FRM,CTCP Lâm Nghiệp Sài Gòn
NHA,Tổng Công ty Đầu tư Phát triển Nhà và Đô thị Nam Hà Nội
STD,CTCP Bia - Nước giải khát Sài Gòn - Tây Đô
ANT,CTCP Rau quả Thực phẩm An Giang
BHA,CTCP Thủy điện Bắc Hà
VIM,CTCP Khoáng sản Viglacera
VE2,CTCP Xây dựng Điện VNECO 2
PGD,CTCP Phân phối khí thấp áp Dầu khí Việt Nam
ABC,CTCP Truyền thông VMG
VTI,CTCP Sản xuất - Xuất nhập khẩu Dệt may
S72,CTCP Sông Đà 7.02
LSG,CTCP Bất động sản Sài Gòn Vina
CCT,CTCP Cảng Cần Thơ
PSW,CTCP Phân bón và Hóa chất Dầu khí Tây Nam Bộ
HNA,CTCP Thủy điện Hủa Na
DNP,CTCP DNP Holding
CAP,CTCP Lâm Nông sản Thực phẩm Yên Bái
BNW,CTCP Nước sạch Bắc Ninh
TCX,CTCP Chứng khoán Kỹ Thương
UIC,CTCP Đầu tư Phát triển Nhà và Đô thị IDICO
LTG,CTCP Tập đoàn Lộc Trời
ND2,CTCP Đầu tư và Phát triển Điện Miền Bắc 2
DVN,Tổng Công ty Dược Việt Nam - CTCP
PTG,CTCP May Xuất khẩu Phan Thiết
TCK,Tổng Công ty Cơ khí Xây dựng - CTCP
DTI,CTCP Đầu tư Đức Trung
PDC,CTCP Du lịch Dầu khí Phương Đông
NDN,CTCP Đầu tư Phát triển Nhà Đà Nẵng
BMV,CTCP Bột mỳ Vinafood 1
SII,CTCP Hạ tầng Nước Sài Gòn
SVC,CTCP Dịch vụ Tổng hợp Sài Gòn
CIA,CTCP Dịch vụ Sân bay Quốc tế Cam Ranh
CSC,CTCP Tập đoàn Cotana
VUA,CTCP Chứng khoán Stanley Brothers
VGV,Tổng Công ty Tư vấn Xây dựng Việt Nam - CTCP
TCM,CTCP Dệt may - Đầu tư - Thương mại Thành Công
VPD,CTCP Phát triển Điện lực Việt Nam
BNA,CTCP Tập đoàn Đầu tư Bảo Ngọc
HMG,CTCP Kim khí Hà Nội - VNSTEEL
CDR,CTCP Xây dựng Cao su Đồng Nai
LTC,CTCP Điện nhẹ Viễn Thông
A32,CTCP 32
L61,CTCP Lilama 69-1
VWS,CTCP Nước và Môi Trường Việt Nam
CH5,CTCP Xây dựng Số 5 Hà Nội
BMI,Tổng Công ty cổ phần Bảo Minh
VES,CTCP Tập đoàn VinaLiving
HGM,CTCP Cơ khí và Khoáng sản Hà Giang
HDG,CTCP Tập đoàn Hà Đô
GLC,CTCP Vàng Lào Cai
TNB,CTCP Thép Nhà Bè - VNSTEEL
KSV,Tổng Công ty Khoáng sản TKV - CTCP
MQB,CTCP Môi trường và Phát triển Đô thị Quảng Bình
TGP,CTCP Trường Phú
UPC,CTCP Phát triển Công viên Cây xanh và Đô thị Vũng Tàu
HMR,CTCP Đá Hoàng Mai
D2D,CTCP Phát triển Đô thị Công nghiệp số 2
VSA,CTCP Đại lý Hàng hải Việt Nam
DCH,CTCP Địa chính Hà Nội
HFC,CTCP Xăng dầu HFC
VIW,Tổng Công ty Đầu tư Nước và Môi trường Việt Nam
CRC,CTCP Create Capital Việt Nam
EVG,CTCP Tập đoàn EverLand
VSH,CTCP Thủy điện Vĩnh Sơn - Sông Hinh
AME,CTCP Alphanam E&C
CLI,CTCP Tập đoàn CNCTech
ISG,CTCP Vận tải biển và Hợp tác Lao động Quốc tế
L63,CTCP Lilama 69-3
PIT,CTCP Xuất nhập khẩu Petrolimex
ECI,CTCP Tập Đoàn ECI
GTS,CTCP Công trình Giao thông Sài Gòn
MST,CTCP Đầu tư MST
TVD,CTCP Than Vàng Danh - Vinacomin
GMC,CTCP Garmex Sài Gòn
PVE,Tổng Công ty Tư vấn thiết kế Dầu khí - CTCP
VIX,CTCP Chứng khoán VIX
UMC,CTCP Công trình Đô thị Nam Định
HVT,CTCP Hóa chất Việt Trì
THB,CTCP Bia Hà Nội - Thanh Hóa
CKD,CTCP Cơ khí Đông Anh LICOGI
VMG,CTCP Thương mại và Dịch vụ Dầu khí Vũng Tàu
BQP,CTCP Nhựa Chất lượng cao Bình Thuận
ABS,CTCP Dịch vụ Nông nghiệp Bình Thuận
MML,CTCP Masan MeatLife
THM,CTCP Tứ Hải Hà Nam
BSH,CTCP Bia Sài Gòn - Hà Nội
SJS,CTCP SJ Group
HAR,CTCP Đầu tư Thương mại Bất động sản An Dương Thảo Điền
ITQ,CTCP Tập đoàn Thiên Quang
TV4,CTCP Tư vấn Xây dựng Điện 4
VTE,CTCP VINACAP Kim Long
PND,CTCP Xăng dầu Dầu khí Nam Định
NTF,CTCP Dược - Vật tư Y tế Nghệ An
VHD,CTCP Đầu tư Phát triển Nhà và Đô Thị VINAHUD
CJC,CTCP Cơ điện Miền Trung
DVT,Trung tâm đào tạo nghiệp vụ Giao thông vận tải Bình Định
VPH,CTCP Vạn Phát Hưng
CLL,CTCP Cảng Cát Lái
GMA,CTCP G-Automobile
VDT,CTCP Lưới thép Bình Tây
SD8,CTCP Sông Đà 8
TV6,CTCP Tập đoàn EMA Land
VQC,CTCP Giám định - Vinacomin
GND,CTCP Gạch ngói Đồng Nai
TRA,CTCP Traphaco
TDW,CTCP Cấp nước Thủ Đức
BFC,CTCP Phân bón Bình Điền
ICF,CTCP Đầu tư Thương mại Thủy sản
NHT,CTCP Sản xuất và Thương mại Nam Hoa
PET,Tổng Công ty cổ phần Dịch vụ Tổng hợp Dầu khí
FCM,CTCP Bê tông Phan Vũ Hà Nam
VIP,CTCP Vận tải Xăng dầu VIPCO
THS,CTCP Thanh Hoa - Sông Đà
TDB,CTCP Thủy điện Định Bình
SZL,CTCP Sonadezi Long Thành
TDG,CTCP Đầu tư TDG Global
VRC,CTCP Bất động sản và Đầu tư VRC
TDF,CTCP Trung Đô
CYC,CTCP Gạch men Chang Yih
C69,CTCP Xây dựng 1369
PVI,CTCP PVI
MVB,Tổng Công ty Công nghiệp mỏ Việt Bắc TKV - CTCP
UDC,CTCP Đầu tư Xây dựng UDCons
DKC,CTCP Chợ Lạng Sơn
CLH,CTCP Xi măng La Hiên VVMI
HHS,CTCP Đầu tư Dịch vụ Hoàng Huy
FT1,CTCP Phụ tùng Máy số 1
BHG,CTCP Chè Biển Hồ
SMA,CTCP Thiết bị Phụ tùng Sài Gòn
G20,CTCP Đầu tư Dệt may Vĩnh Phúc
DP2,CTCP Dược phẩm Trung ương 2
VID,CTCP Đầu tư Phát triển Thương mại Viễn Đông
NFC,CTCP Phân lân Ninh Bình
MTL,CTCP Dịch vụ Môi trường Đô thị Từ Liêm
PIA,CTCP Tin học Viễn thông Petrolimex
PSI,CTCP Chứng khoán Dầu khí
FRC,CTCP Lâm đặc sản Xuất khẩu Quảng Nam
VFC,CTCP Vinafco
PCC,CTCP Tập đoàn Xây lắp 1 - Petrolimex
CNT,CTCP Tập đoàn CNT
BHK,CTCP Bia Hà Nội - Kim Bài
SJD,CTCP Thủy điện Cần Đơn
M10,Tổng Công ty May 10 - CTCP
S55,CTCP Sông Đà 505
IVS,CTCP Chứng khoán Guotai Haitong (Việt Nam)
GEL,CTCP Hạ tầng GELEX
DP1,CTCP Dược phẩm Trung ương CPC1
NLG,CTCP Đầu tư Nam Long
L43,CTCP Lilama 45.3
HAF,CTCP Thực phẩm Hà Nội
PQN,CTCP Dịch vụ Dầu khí Quảng Ngãi PTSC
C47,CTCP Xây dựng 47
SID,CTCP Đầu tư Phát triển Sài Gòn Co.op
PC1,CTCP Tập Đoàn PC1
POS,CTCP Vận hành và Xây lắp PTSC
PSN,CTCP Dịch Vụ Kỹ Thuật PTSC Thanh Hóa
VBG,CTCP Địa chất Việt Bắc - TKV
NBP,CTCP Nhiệt điện Ninh Bình
CCR,CTCP Cảng Cam Ranh
BAF,CTCP Nông nghiệp BAF Việt Nam
HMC,CTCP Kim khí Thành phố Hồ Chí Minh - VNSTEEL
BBH,CTCP Bao bì Hoàng Thạch
GVT,CTCP Giấy Việt Trì
NWT,CTCP Vận tải Newway
PMW,CTCP Cấp nước Phú Mỹ
BMD,CTCP Môi trường và Dịch vụ Đô thị Bình Thuận
DC1,CTCP Đầu tư Phát triển Xây dựng Số 1
SCL,CTCP Sông Đà Cao Cường
F88,CTCP Đầu tư F88
AMP,CTCP Armephaco
VGC,Tổng Công ty Viglacera - CTCP
MBG,CTCP Tập đoàn MBG
MBT,CTCP Bất động sản cho thuê Minh Bảo Tín
VIF,Tổng Công ty Lâm nghiệp Việt Nam - CTCP
GMD,CTCP Tập đoàn Gemadept
EGL,CTCP Môi trường Đô thị Gia Lâm
VFG,CTCP Khử trùng Việt Nam
VTM,CTCP Vận tải và Đưa đón thợ mỏ - VINACOMIN
GDA,CTCP Tôn Đông Á
HDB,Ngân hàng TMCP Phát triển Thành phố Hồ Chí Minh
PHN,CTCP Pin Hà Nội
PSC,CTCP Vận tải và Dịch vụ Petrolimex Sài Gòn
TLD,CTCP Đầu tư Xây dựng và Phát triển Đô thị Thăng Long
SDA,CTCP Simco Sông Đà
SDT,CTCP Sông Đà 10
IST,CTCP ICD Tân Cảng Sóng Thần
HAT,CTCP Thương mại Bia Hà Nội
BVG,CTCP Group Bắc Việt
SD2,CTCP Sông Đà 2
HU3,CTCP Đầu tư và Xây dựng HUD3
VC2,CTCP Đầu tư và Xây dựng Vina2
HTM,Tổng Công ty Thương mại Hà Nội - CTCP
VHL,CTCP Viglacera Hạ Long
BRS,CTCP Dịch vụ Đô thị Bà Rịa
VGL,CTCP Mạ Kẽm Công Nghiệp Vingal - Vnsteel
NBE,CTCP Sách và Thiết bị Giáo dục Miền Bắc
KTL,CTCP Kim Khí Thăng Long
PNP,CTCP Tân Cảng - Phú Hữu
PNT,CTCP Kỹ thuật Xây dựng Phú Nhuận
TLH,CTCP Tập đoàn Thép Tiến Lên
VCE,CTCP Xây lắp Môi trường
TIE,CTCP TIE
SRC,CTCP Cao su Sao Vàng
SCD,CTCP Nước giải khát Chương Dương
C21,CTCP Thế Kỷ 21 
TBR,CTCP Địa ốc Tân Bình
SIG,CTCP Đầu tư và Thương mại Sông Đà
L10,CTCP Lilama 10
VDB,CTCP Vận tải và Chế biến Than Đông Bắc
SLD,CTCP Địa ốc Sacom
FCS,CTCP Lương thực Thành phố Hồ Chí Minh
QBS,CTCP Xuất nhập khẩu Quảng Bình
CTS,CTCP Chứng khoán VietinBank
CMP,CTCP Cảng Chân Mây
VC3,CTCP Tập đoàn Nam Mê Kông
ICT,CTCP Viễn thông - Tin học Bưu điện
BHH,CTCP Bia Hà Nội - Hưng Yên 89
SBR,CTCP Cao su Sông Bé
PGN,CTCP Phụ Gia Nhựa
MQN,CTCP Môi trường đô thị Quảng Ngãi
HT1,CTCP Xi Măng Vicem Hà Tiên
LSS,CTCP Mía Đường Lam Sơn
HJC,CTCP Hòa Việt
PHP,CTCP Cảng Hải Phòng
VLC,Tổng Công ty Chăn Nuôi Việt Nam - CTCP
CPI,CTCP Đầu tư Cảng Cái Lân
DAG,CTCP Tập đoàn Nhựa Đông Á
TRS,CTCP Vận tải và Dịch vụ Hàng hải
PLX,Tập đoàn Xăng Dầu Việt Nam
SBL,CTCP Bia Sài Gòn - Bạc Liêu
SHI,CTCP Quốc tế Sơn Hà
DFC,CTCP Xích líp Đông Anh
BWS,CTCP Cấp nước Bà Rịa - Vũng Tàu
TDC,CTCP Kinh doanh và Phát triển Bình Dương
PSE,CTCP Phân Bón và Hóa Chất Dầu khí Đông Nam Bộ
QNC,CTCP Xi măng và Xây dựng Quảng Ninh
VDL,CTCP Thực phẩm Lâm Đồng
MA1,CTCP Thiết bị
ALC,CTCP Âu Lạc
TSD,CTCP Du lịch Trường Sơn COECCO
DSP,CTCP Dịch vụ Du lịch Phú Thọ
SGR,CTCP Tổng CTCP Địa ốc Sài Gòn
CIG,CTCP COMA 18
MKP,CTCP Hoá - Dược phẩm Mekophar
ONW,CTCP Tập đoàn ONW
ILS,CTCP Đầu tư Thương mại và Dịch vụ Quốc tế
HCM,CTCP Chứng khoán Thành phố Hồ Chí Minh
SFG,CTCP Phân Bón Miền Nam
DXS,CTCP Dịch vụ Bất động sản Đất Xanh
DNL,CTCP Logistics Cảng Đà Nẵng
CEO,CTCP Tập đoàn C.E.O
HNP,CTCP Hanel Xốp nhựa
PPS,CTCP Dịch vụ Kỹ thuật Điện lực Dầu khí Việt Nam
DPC,CTCP Nhựa Đà Nẵng
VTO,CTCP Vận tải Xăng dầu Vitaco
SHN,CTCP Đầu tư Tổng hợp Hà Nội
LQN,CTCP Licogi Quảng Ngãi
VCS,CTCP Vicostone
HSP,CTCP Sơn Tổng hợp Hà Nội
STS,CTCP Dịch vụ Vận tải Sài Gòn
VBC,CTCP Nhựa - Bao bì Vinh
ELC,CTCP Công Nghệ - Viễn Thông Elcom
HSL,CTCP Đầu tư Phát triển Thực phẩm Hồng Hà
HCT,CTCP Thương mại Dịch vụ Vận tải Xi măng Hải Phòng
TRC,CTCP Cao su Tây Ninh
MSH,CTCP May Sông Hồng
GDT,CTCP Chế biến Gỗ Đức Thành
SDK,CTCP Cơ khí Luyện kim
CCA,CTCP Xuất nhập khẩu Thuỷ sản Cần Thơ
HAV,CTCP Rượu Hapro
G36,Tổng Công ty 36 - CTCP
MTA,Tổng Công ty Khoáng sản và Thương mại Hà Tĩnh - CTCP
VNI,CTCP Đầu tư Bất động sản Việt Nam
NAV,CTCP Nam Việt
DNT,CTCP Du lịch Đồng Nai
LM8,CTCP Lilama 18
VNP,CTCP Nhựa Việt Nam
CRV,CTCP Tập đoàn Bất động sản CRV
SSG,CTCP Vận tải biển Hải Âu
DAH,CTCP Tập đoàn Khách sạn Đông Á
DVM,CTCP Dược liệu Việt Nam
SPC,CTCP Bảo vệ Thực vật Sài Gòn
SBB,CTCP Tập đoàn Bia Sài Gòn - Bình Tây
MCG,CTCP Năng lượng và Bất động sản MCG
VGR,CTCP Cảng Xanh Vip
HOM,CTCP Xi măng VICEM Hoàng Mai
SDU,CTCP Đầu tư Xây dựng và Phát triển Đô thị Sông Đà
MCF,CTCP Xây lắp Cơ khí và Lương thực Thực phẩm
AGP,CTCP Dược phẩm Agimexpharm
VGG,Tổng Công ty cổ phần May Việt Tiến
PJT,CTCP Vận tải Xăng dầu Đường Thủy Petrolimex
BSQ,CTCP Bia Sài Gòn - Quảng Ngãi
SBV,CTCP Siam Brothers Việt Nam
MAC,CTCP Tập đoàn Macstar
DLD,CTCP Du lịch Đắk Lắk
TMP,CTCP Thủy điện Thác Mơ
BTT,CTCP Thương mại Dịch vụ Bến Thành
PVH,CTCP Xây lắp Dầu khí Thanh Hóa
UPS,CTCP Chứng khoán UP
CTT,CTCP Chế tạo Máy - Vinacomin
VE1,CTCP Xây dựng Điện VNECO 1
VTG,CTCP Du lịch Tỉnh Bà Rịa - Vũng Tàu
STB,Ngân hàng TMCP Sài Gòn Tài Lộc
HTG,Tổng Công ty cổ phần Dệt may Hòa Thọ
LO5,CTCP Lilama 5
DBD,CTCP Dược - Trang thiết bị Y tế Bình Định (Bidiphar)
GCF,CTCP Thực phẩm G.C
TMG,CTCP Kim loại màu Thái Nguyên - Vimico
TAR,CTCP Nông nghiệp Công nghệ cao Trung An
MLC,CTCP Môi trường Đô thị Tỉnh Lào Cai
BTG,CTCP Bao bì Tiền Giang
SSF,CTCP Giáo dục G Sài Gòn
TED,Tổng công ty Tư vấn thiết kế Giao thông vận tải - CТСР
SAL,CTCP Trục vớt Cứu hộ Việt Nam
RAT,CTCP Vận tải và Thương mại Đường sắt
DCF,CTCP Xây dựng và Thiết kế Số 1
HFB,CTCP Công trình Cầu phà Thành phố Hồ Chí Minh
HVH,CTCP Đầu tư và Công nghệ HVC
QHW,CTCP Nước khoáng Quảng Ninh
NCT,CTCP Dịch vụ Hàng hóa Nội Bài
HC3,CTCP Xây dựng Số 3 Hải Phòng
MVC,CTCP Vật liệu và Xây dựng Bình Dương
VBT,CTCP Vận tải Bảo Thắng
PRT,Tổng Công ty Sản xuất - Xuất nhập khẩu Bình Dương - CTCP
DIG,Tổng Công ty cổ phần Đầu tư Phát triển Xây dựng
FTI,CTCP Công nghiệp - Thương mại Hữu Nghị
ACM,CTCP Tập đoàn Khoáng sản Á Cường
HTI,CTCP Đầu tư Phát triển Hạ tầng IDICO
SJE,CTCP Sông Đà 11
MND,CTCP Môi trường Nam Định
NAW,CTCP Cấp nước Nghệ An
CSI,CTCP Chứng khoán Kiến thiết Việt Nam
VRE,CTCP Vincom Retail
FTM,CTCP Đầu tư và Phát triển Đức Quân
YBC,CTCP Xi măng và Khoáng sản Yên Bái
SAS,CTCP Dịch vụ Hàng không Sân bay Tân Sơn Nhất
SVN,CTCP Tập đoàn Vexilla Việt Nam
MPY,CTCP Môi trường Đô thị Phú Yên
LPB,Ngân hàng TMCP Lộc Phát Việt Nam
BTW,CTCP Cấp nước Bến Thành
TPC,CTCP Nhựa Tân Đại Hưng
OGC,CTCP Tập đoàn Đại Dương
VIR,CTCP Du lịch Quốc tế Vũng Tàu
TDT,CTCP Đầu tư và Phát triển TDT
DVC,CTCP Thương mại Dịch vụ Tổng hợp Cảng Hải Phòng
SDG,CTCP Sadico Cần Thơ
DSC,CTCP Chứng khoán DSC
GKM,CTCP GKM Holdings
KHD,CTCP Khai thác Chế biến Khoáng sản Hải Dương
AMC,CTCP Khoáng sản Á Châu
HND,CTCP Nhiệt điện Hải Phòng
VSM,CTCP Container Miền Trung
ILB,CTCP ICD Tân Cảng - Long Bình
HPH,CTCP Hóa Chất Hưng Phát Hà Bắc
NBC,CTCP Than Núi Béo - Vinacomin
UNI,CTCP Đầu Tư Và Phát Triển Sao Mai Việt
TNP,CTCP Cảng Thị Nại
DTP,CTCP Dược phẩm CPC1 Hà Nội
FHS,CTCP Phát hành Sách Thành phố Hồ Chí Minh
MGG,Tổng Công ty Đức Giang - CTCP
MBS,CTCP Chứng khoán MB
ADS,CTCP Damsan
AGF,CTCP Xuất nhập khẩu Thủy sản An Giang
MCP,CTCP In và Bao bì Mỹ Châu
PDR,CTCP Phát triển Bất động sản Phát Đạt
HQC,CTCP Tư vấn Thương mại Dịch vụ Địa Ốc Hoàng Quân
HII,CTCP An Tiến Industries
TIS,CTCP Gang thép Thái Nguyên
ICC,CTCP Xây dựng Công nghiệp (ICC)
GPC,CTCP Tập đoàn Green+
HHB,CTCP Bia Hà Nội - Hồng Hà
JOS,CTCP Chế biến Thủy sản xuất khẩu Minh Hải
BMS,CTCP Chứng khoán Bảo Minh
CID,CTCP Xây dựng và Phát triển Cơ sở Hạ tầng
VPB,Ngân hàng TMCP Việt Nam Thịnh Vượng
BAX,CTCP Thống Nhất
HC1,CTCP Xây dựng Số 1 Hà Nội
KHX,CTCP Phát hành sách Khánh Hòa
HAP,CTCP Tập đoàn Hapaco
NSG,CTCP Nhựa Sài Gòn
NRC,CTCP Tập đoàn NRC
C32,CTCP Đầu tư và Xây dựng 3-2
DP3,CTCP Dược phẩm Trung ương 3
XDH,CTCP Đầu tư Xây dựng Dân dụng Hà Nội
VNY,CTCP Thuốc thú y Trung ương I
GDW,CTCP Cấp nước Gia Định
HMS,CTCP Xây dựng Bảo tàng Hồ Chí Minh
VC1,CTCP Xây dựng Số 1
KDC,CTCP Tập đoàn KIDO
CMG,CTCP Tập đoàn Công nghệ CMC
VET,CTCP Thuốc thú y Trung ương Navetco
VBH,CTCP Điện tử Bình Hòa
PBP,CTCP Bao bì Dầu khí Việt Nam
PID,CTCP Trang Trí Nội Thất Dầu khí
BHI,Tổng Công ty cổ phần Bảo hiểm Sài Gòn - Hà Nội
TMB,CTCP Kinh doanh Than Miền Bắc - Vinacomin
PVS,Tổng Công ty cổ phần Dịch vụ Kỹ thuật Dầu khí Việt Nam
QSP,CTCP Tân Cảng Quy Nhơn
HUG,Tổng Công ty May Hưng Yên - CTCP
HLY,CTCP Gốm Xây Dựng Yên Hưng
SRA,CTCP Sara Việt Nam
PLP,CTCP Sản xuất và Công nghệ Nhựa Pha Lê
EVS,CTCP Chứng khoán EVS
CMS,CTCP Tập Đoàn CMH Việt Nam
BLF,CTCP Thủy sản Bạc Liêu
QPH,CTCP Thủy điện Quế Phong
FIT,CTCP Tập đoàn F.I.T
BWA,CTCP Cấp thoát nước và Xây dựng Bảo Lộc
DRH,CTCP DRH Holdings
NDW,CTCP Cấp nước Nam Định
DPH,CTCP Dược phẩm Hải Phòng
HKT,CTCP QP Holdings
MEF,CTCP MEINFA
ATG,CTCP ATG Planet
NQN,CTCP Nước sạch Quảng Ninh
NNT,CTCP Cấp nước Ninh Thuận
TFC,CTCP Trang
PAP,CTCP Dầu khí Đầu tư Khai thác Cảng Phước An
VDP,CTCP Dược phẩm Trung ương VIDIPHA
VCR,CTCP Đầu tư và Phát triển Du lịch ITC
OPC,CTCP Dược phẩm OPC
H11,CTCP Xây dựng HUD101
VHF,CTCP Xây dựng và Chế biến Lương thực Vĩnh Hà
ATS,CTCP Tập đoàn Đầu tư ATS
NDX,CTCP Xây lắp Phát triển Nhà Đà Nẵng
TPP,CTCP Tân Phú Việt Nam
ABW,CTCP Chứng khoán An Bình
HSM,Tổng Công ty cổ phần Dệt may Hà Nội
DPP,CTCP Dược Đồng Nai
VIB,Ngân hàng TMCP Quốc tế Việt Nam
CVN,CTCP Vinam
PIC,CTCP Đầu tư Điện lực 3
THW,CTCP Cấp nước Tân Hòa
HU1,CTCP Đầu tư và Xây dựng HUD1
NAU,CTCP Môi trường và Công trình Đô thị Nghệ An
SSM,CTCP Chế tạo kết cấu Thép Vneco.SSM
DCV,CTCP Quản lý Quỹ Đầu tư Dragon Capital Việt Nam
MSR,CTCP Masan High-Tech Materials
ART,CTCP Chứng khoán ARTEX
MLS,CTCP Chăn nuôi - Mitraco
VNX,CTCP Quảng cáo và Hội chợ Thương mại
MEL,CTCP Thép Mê Lin
DGC,CTCP Tập đoàn Hóa chất Đức Giang
SIP,CTCP Đầu tư Sài Gòn VRG
PTX,CTCP Vận tải và Dịch vụ Petrolimex Nghệ Tĩnh
BVN,CTCP Bông Việt Nam
YBM,CTCP YBM
FTS,CTCP Chứng khoán FPT
VIE,CTCP Công nghệ Viễn thông VITECO
DDG,CTCP Đầu tư Công nghiệp Xuất nhập khẩu Đông Dương
MCC,CTCP Gạch ngói Cao cấp
WTC,CTCP Vận tải Thủy - Vinacomin
VEF,CTCP Trung tâm Hội chợ Triển lãm Việt Nam
MVN,Tổng Công ty Hàng hải Việt Nam - CTCP
HLD,CTCP Đầu tư và Phát triển Bất động sản Hudland
TV3,CTCP Tư vấn Xây dựng Điện 3
VXB,CTCP Vật liệu Xây dựng Bến Tre
LMC,CTCP LUMI Holdings
LBE,CTCP Thương mại và Dịch vụ LVA
DUS,CTCP Dịch vụ Đô thị Đà Lạt
PNC,CTCP Văn hóa Phương Nam
CLW,CTCP Cấp nước Chợ Lớn
RGG,CTCP Regal Group
SMT,CTCP Sametel
PCT,CTCP Vận tải biển Global Pacific
HHG,CTCP Hoàng Hà
IFS,CTCP Thực phẩm Quốc tế
TKU,CTCP Công nghiệp Tung Kuang
QNS,CTCP Đường Quảng Ngãi
KMT,CTCP Kim khí Miền Trung
PVY,CTCP Chế tạo Giàn khoan Dầu khí
BGE,CTCP BCG Energy
ACB,Ngân hàng TMCP Á Châu
DNH,CTCP Thủy điện Đa Nhim - Hàm Thuận - Đa Mi
MH3,CTCP Khu Công nghiệp Cao su Bình Long
NBB,CTCP Đầu tư Năm Bảy Bảy
GTA,CTCP Chế biến gỗ Thuận An
SFI,CTCP Đại lý Vận tải SAFI
DBM,CTCP Dược - Vật tư Y Tế Đăk Lăk
PAI,CTCP Công nghệ thông tin Viễn thông và Tự động hóa Dầu Khí
MED,CTCP Dược Trung ương Mediplantex
FOC,CTCP Dịch vụ Trực tuyến FPT
AFX,CTCP Xuất nhập khẩu Nông sản Thực phẩm An Giang
HD6,CTCP Đầu tư và Phát triển Nhà Số 6 Hà Nội
VSN,CTCP Việt Nam Kỹ nghệ Súc sản
TV1,CTCP Tư vấn Xây dựng Điện 1
BBT,CTCP Bông Bạch Tuyết
CI5,CTCP Đầu Tư Xây dựng Số 5
VEC,Tổng Công ty cổ phần Điện tử và Tin học Việt Nam
BCP,CTCP Dược ENLIE
AAN,CTCP Lương thực A An
SGC,CTCP Xuất nhập khẩu Sa Giang
USD,CTCP Công trình Đô thị Sóc Trăng
TL4,Tổng Công ty cổ phần Xây dựng Thủy Lợi 4 - CTCP
VLP,CTCP Công trình Công cộng Vĩnh Long
CTW,CTCP Cấp thoát nước Cần Thơ
CVT,CTCP CMC
DZM,CTCP Cơ điện Dzĩ An
NVP,CTCP Nước sạch Vĩnh Phúc
SZG,CTCP Sonadezi Giang Điền
KGM,CTCP Xuất nhập khẩu Kiên Giang
DGW,CTCP Thế Giới Số
DRL,CTCP Thủy điện - Điện Lực 3
APC,CTCP Chiếu xạ An Phú
APF,CTCP Nông sản Thực phẩm Quảng Ngãi
SWC,Tổng Công ty cổ phần Đường sông Miền Nam
ALT,CTCP Văn hóa Tân Bình
CKA,CTCP Cơ Khí An Giang
HGT,CTCP Du lịch Hương Giang
MCM,CTCP Giống Bò sữa Mộc Châu
VAF,CTCP Phân lân Nung chảy Văn Điển
TTD,CTCP Bệnh viện tim Tâm Đức
NHD,CTCP Dược phẩm Nam Hà
KHS,CTCP Kiên Hùng
X26,CTCP 26
MHL,CTCP Minh Hữu Liên
DXG,CTCP Bluemarq Group
SVT,CTCP Công nghệ Sài Gòn Viễn Đông
EMG,CTCP Thiết bị Phụ Tùng Cơ Điện
IDJ,CTCP Đầu tư IDJ Việt Nam
VIG,CTCP Chứng khoán Đầu tư tài chính Việt Nam
DCT,CTCP Tấm lợp Vật liệu Xây dựng Đồng Nai
LHC,CTCP Đầu tư và Xây dựng Thủy lợi Lâm Đồng
PHC,CTCP Xây dựng Phục Hưng Holdings
PAT,CTCP Phốt Pho Apatit Việt Nam
BCR,CTCP BCG Land
PAN,CTCP Tập đoàn PAN
BRC,CTCP Cao su Bến Thành
SGS,CTCP Vận tải biển Sài Gòn
VPS,CTCP Thuốc sát trùng Việt Nam 
IPA,CTCP Tập đoàn Đầu tư I.P.A
DTC,CTCP Viglacera Đông Triều
TCT,CTCP Cáp treo Núi Bà Tây Ninh
PSB,CTCP Đầu tư Dầu khí Sao Mai - Bến Đình
GHC,CTCP Thủy điện Gia Lai
PNJ,CTCP Vàng bạc Đá quý Phú Nhuận
PVX,Tổng Công ty cổ phần Xây lắp Dầu khí Việt Nam
VAV,CTCP VIWACO
VXP,CTCP Thuốc Thú y Trung ương VETVACO
IBD,CTCP In Tổng hợp Bình Dương
PBC,CTCP Dược phẩm Trung ương I - Pharbaco
GMH,CTCP Minh Hưng Quảng Trị
NHC,CTCP Gạch ngói Nhị Hiệp
DC4,CTCP DICERA Holdings
IN4,CTCP In Số 4
THP,CTCP Thủy sản và Thương mại Thuận Phước
NHH,CTCP Nhựa Hà Nội
GIL,CTCP Sản xuất Kinh doanh và Xuất nhập khẩu Bình Thạnh
E29,CTCP Đầu tư Xây dựng và Kỹ thuật 29
DID,CTCP DIC - Đồng Tiến
NAC,CTCP Tư vấn Xây dựng Tổng hợp
CIP,CTCP Xây lắp và Sản xuất Công nghiệp
PXM,CTCP Xây lắp Dầu khí Miền Trung
NDF,CTCP Chế biến Thực phẩm Nông sản xuất khẩu Nam Định
TVA,CTCP Sứ Viglacera Thanh Trì
LIG,CTCP Licogi 13
MPT,CTCP Tập đoàn MPT
L40,CTCP Đầu Tư và Xây dựng 40
AAV,CTCP AAV Group
HNB,CTCP Bến xe Hà Nội
MTG,CTCP MT Gas
KSF,CTCP Tập đoàn Sunshine
ABI,CTCP Bảo hiểm Ngân hàng Nông nghiệp Việt Nam
PLE,CTCP Tư vấn Xây dựng Petrolimex
VIN,CTCP Giao nhận Kho vận Ngoại Thương Việt Nam
PXI,CTCP Xây dựng Công nghiệp và Dân dụng Dầu khí
BCE,CTCP Xây dựng và Giao thông Bình Dương
TT6,CTCP Tập đoàn Tiến Thịnh
DLR,CTCP Địa ốc Đà Lạt
DCM,CTCP - Tổng công ty Phân bón Dầu khí Cà Mau
QHD,CTCP Que hàn điện Việt Đức
HAD,CTCP Bia Hà Nội - Hải Dương
APS,CTCP Chứng khoán Châu Á Thái Bình Dương
VDS,CTCP Chứng khoán Rồng Việt
ABT,CTCP Xuất nhập khẩu Thủy sản Bến Tre
APP,CTCP Phát triển Phụ gia và Sản phẩm Dầu Mỏ
DLG,CTCP Tập đoàn Đức Long Gia Lai
PXA,CTCP Đầu tư và Thương mại Dầu khí Nghệ An
HCD,CTCP Đầu tư Sản xuất và Thương mại HCD
APH,CTCP Tập đoàn An Phát Holdings
CTB,CTCP Chế tạo Bơm Hải Dương
BLT,CTCP Lương thực Bình Định
VNZ,CTCP Tập đoàn VNG 
TVC,CTCP Tập đoàn Quản lý tài sản T-Corp
IDV,CTCP Phát triển Hạ tầng Vĩnh Phúc
USC,CTCP Khảo sát và Xây dựng -USCO
PCE,CTCP Phân bón và Hóa chất Dầu khí Miền Trung
PDV,CTCP Vận Tải Và Tiếp Vận Phương Đông Việt
HPA,CTCP Phát triển Nông nghiệp Hòa Phát
SB1,CTCP Bia Sài Gòn - Nghệ Tĩnh
DVW,CTCP Dịch vụ và Xây dựng Cấp nước Đồng Nai
QNP,CTCP Cảng Quy Nhơn
AIG,CTCP Nguyên liệu Á Châu AIG
TNC,CTCP Cao su Thống Nhất
PTI,Tổng Công ty cổ phần Bảo hiểm Bưu điện
GEE,CTCP Điện lực Gelex
ICI,CTCP Đầu tư và Xây dựng Công nghiệp
ADP,CTCP Sơn Á Đông
TTT,CTCP Du lịch - Thương mại Tây Ninh
CTI,CTCP Đầu tư Phát triển Cường Thuận IDICO
LG9,CTCP Cơ giới và Xây lắp Số 9
XPH,CTCP Xà phòng Hà Nội
CMC,CTCP Đầu tư CMC
VNA,CTCP Vận tải Biển Vinaship
STW,CTCP Cấp nước Sóc Trăng
PJS,CTCP Cấp nước Phú Hòa Tân
NSL,CTCP Cấp nước Sơn La
KHG,CTCP Tập đoàn Khải Hoàn Land
PEG,Tổng Công ty Thương mại Kỹ thuật và Đầu tư - CTCP
PVD,Tổng Công ty cổ phần Khoan và Dịch vụ khoan Dầu khí
BSP,CTCP Bia Sài Gòn - Phú Thọ
AVG,CTCP Phân bón Quốc tế Âu Việt
DDN,CTCP Dược và Thiết bị Y tế Đà Nẵng
VLW,CTCP Cấp nước Vĩnh Long
HAG,CTCP Hoàng Anh Gia Lai
HTT,CTCP Thương mại Hà Tây
CMN,CTCP Lương thực Thực phẩm Colusa - Miliket
FGL,CTCP Cà phê Gia Lai
SLS,CTCP Mía Đường Sơn La
BEL,CTCP Điện tử Biên Hòa
CHS,CTCP Chiếu sáng Công cộng Thành phố Hồ Chí Minh
DGT,CTCP Công trình Giao thông Đồng Nai
APG,CTCP Chứng khoán APG
D11,CTCP Địa ốc 11
SSC,CTCP Giống cây trồng Miền Nam
HPX,CTCP Đầu tư Hải Phát
ASM,CTCP Tập đoàn Sao Mai
TVH,CTCP Tư vấn Xây dựng công trình Hàng hải
VCC,CTCP Vinaconex 25
TIN,Công Ty Tài chính tổng hợp cổ phần Tín Việt
ISH,CTCP Thủy điện Srok Phu Miêng IDICO
VTV,CTCP Năng lượng và Môi trường VICEM
SCI,CTCP SCI E&C
UXC,CTCP Chế biến Thủy sản Út Xi
HAH,CTCP Vận tải và Xếp dỡ Hải An
MTV,CTCP Dịch vụ Môi trường và Công trình Đô thị Vũng Tàu
L35,CTCP Cơ khí Lắp máy Lilama
VNR,Tổng Công ty cổ phần Tái Bảo hiểm Quốc gia Việt Nam
VGT,Tập đoàn Dệt May Việt Nam
PCM,CTCP Vật liệu Xây dựng Bưu điện
PVM,CTCP Máy - Thiết bị Dầu khí
SGT,CTCP Công nghệ Viễn Thông Sài Gòn
BMJ,CTCP Khoáng sản Miền Đông AHP
COM,CTCP Vật tư - Xăng Dầu
DTK,Tổng Công ty Điện lực TKV - CTCP
API,CTCP Đầu tư Châu Á - Thái Bình Dương
FHN,CTCP Xuất nhập khẩu Lương thực - Thực phẩm Hà Nội
TYA,CTCP Dây và Cáp Điện Taya Việt Nam
LHG,CTCP Long Hậu
KLB,Ngân hàng TMCP Kiên Long
VEA,Tổng Công ty Máy động lực và Máy nông nghiệp Việt Nam – CTCP
HAC,CTCP Chứng khoán Hải Phòng
TCI,CTCP Chứng khoán Thành Công
MRF,CTCP Merufa
PMP,CTCP Bao bì đạm Phú Mỹ
DQC,CTCP Tập đoàn Điện Quang
TMC,CTCP Thương mại Xuất nhập khẩu Thủ Đức
S12,CTCP Sông Đà 12
PCG,CTCP Đầu tư Phát triển Gas Đô thị
SGP,CTCP Cảng Sài Gòn
PTO,CTCP Dịch vụ - Xây dựng Công trình Bưu Điện
ITA,CTCP Đầu tư và Công nghiệp Tân Tạo
MKV,CTCP Dược thú Y Cai Lậy
TJC,CTCP Dịch vụ Vận tải và Thương mại
HLT,CTCP Dệt may Hoàng Thị Loan
TCJ,CTCP Tô Châu
PLA,CTCP Đầu tư và Dịch vụ Hạ tầng Xăng dầu
DAD,CTCP Đầu tư và Phát triển Giáo dục Đà Nẵng
GVR,Tập đoàn Công nghiệp Cao su Việt Nam - CTCP
WCS,CTCP Bến xe Miền Tây
HLA,CTCP Hữu Liên Á Châu
VCG,Tổng Công ty cổ phần Xuất nhập khẩu và Xây dựng Việt Nam
LAF,CTCP Chế biến hàng Xuất khẩu Long An
BIG,CTCP Tập đoàn Đầu tư Big
VPL,CTCP Vinpearl
ACG,CTCP Gỗ An Cường
SBS,CTCP Chứng khoán SBS
DDV,CTCP DAP - VINACHEM
VPX,CTCP Chứng khoán VPBank
THN,CTCP Cấp nước Thanh Hóa
HFX,CTCP Sản xuất - Xuất nhập khẩu Thanh Hà
NSC,CTCP Tập đoàn Giống cây trồng Việt Nam
ACV,Tổng Công ty Cảng Hàng không Việt Nam - CTCP
S74,CTCP Sông Đà 7.04
PRE,Tổng Công ty cổ phần Tái bảo hiểm Hà Nội
VTB,CTCP Viettronics Tân Bình
LPT,CTCP Thương mại và Sản xuất Lập Phương Thành
LNC,CTCP Lệ Ninh
VCI,CTCP Chứng khoán Vietcap
SMC,CTCP Đầu tư Thương mại SMC
CHC,CTCP Cẩm Hà
EVF,Công ty Tài chính Tổng hợp Cổ phần Điện lực
CTD,CTCP Xây dựng Coteccons
HEJ,Tổng Công ty Tư vấn Xây dựng Thủy lợi Việt Nam - CTCP
MNB,Tổng Công ty May Nhà Bè - CTCP
NO1,CTCP Tập đoàn 911
VTJ,CTCP Thương mại và Đầu tư VI NA TA BA
PGB,Ngân hàng TMCP Thịnh vượng và Phát triển
DTT,CTCP Kỹ nghệ Đô Thành
WSB,CTCP Bia Sài Gòn - Miền Tây
SGI,CTCP Đầu tư SGI Holdings
NUE,CTCP Môi trường Đô thị Nha Trang
HHP,CTCP HHP Global
ITC,CTCP Đầu tư và Kinh doanh Nhà
PVB,CTCP Bọc ống Dầu khí Việt Nam
BWE,CTCP - Tổng công ty nước - môi trường Bình Dương
KST,CTCP KASATI
BID,Ngân hàng TMCP Đầu tư và Phát triển Việt Nam
CK8,CTCP Cơ khí 120
NST,CTCP Ngân Sơn
NAB,Ngân hàng TMCP Nam Á
BMC,CTCP Khoáng sản Bình Định
SZB,CTCP Sonadezi Long Bình
DHM,CTCP Đầu tư và Thương mại DHM
VRG,CTCP Phát triển Đô thị và Khu công nghiệp Cao su Việt Nam
CFM,CTCP Đầu tư CFM
HPG,CTCP Tập đoàn Hòa Phát
DND,CTCP Đầu tư Xây dựng và Vật liệu Đồng Nai
VCP,CTCP Xây Dựng Và Năng Lượng VCP
PGT,CTCP PGT Holdings
VPW,CTCP Cấp thoát nước Số 1 Vĩnh Phúc
IDI,CTCP Đầu tư và Phát triển Đa Quốc Gia - IDI
DTG,CTCP Dược phẩm Tipharco
HPI,CTCP Khu công nghiệp Hiệp Phước
SJG,Tổng Công ty Sông Đà - CTCP
DAC,CTCP 382 Đông Anh
GGG,CTCP Ô tô Giải Phóng
MIC,CTCP Kỹ nghệ Khoáng sản Quảng Nam
SMN,CTCP Sách và Thiết bị Giáo dục Miền Nam
APT,CTCP Kinh doanh Thủy Hải Sản Sài Gòn
HHC,CTCP Bánh kẹo Hải Hà 
VMA,CTCP Công nghiệp Ô tô - Vinacomin
PMB,CTCP Phân bón và Hóa chất Dầu khí Miền Bắc
SGN,CTCP Phục vụ Mặt đất Sài Gòn
V21,CTCP Vinaconex 21
DNW,CTCP Cấp nước Đồng Nai
TTL,Tổng Công ty Thăng Long - CTCP
DVG,CTCP Đại Việt Group DVG
KTT,CTCP Tập đoàn Đầu tư KTT
LCD,CTCP Lắp máy - Thí nghiệm Cơ điện
SEA,Tổng Công ty Thủy sản Việt Nam - CTCP
VHG,CTCP Đầu tư Phát triển Việt Trung Nam
DHP,CTCP Điện cơ Hải Phòng
HTL,CTCP Kỹ thuật và Ô tô Trường Long
YEG,CTCP Tập đoàn Yeah1
DXL,CTCP Du Lịch và Xuất nhập khẩu Lạng Sơn
L14,CTCP Licogi 14
PV2,CTCP Đầu tư PV2
CBS,CTCP Mía Đường Cao Bằng
ADC,CTCP Mỹ thuật và Truyền thông
CCI,CTCP Đầu tư Phát triển Công nghiệp Thương mại Củ Chi
L18,CTCP Đầu tư và Xây dựng Số 18
VJC,CTCP Hàng không Vietjet
HTE,CTCP Đầu tư Kinh doanh Điện lực Thành phố Hồ Chí Minh
LM3,CTCP Lilama 3
TDM,CTCP Nước Thủ Dầu Một
TNI,CTCP Tập đoàn Thành Nam
TSC,CTCP Vật tư Kỹ thuật nông nghiệp Cần Thơ
AAT,CTCP Tập Đoàn Tiên Sơn Thanh Hóa 
VCA,CTCP Thép VICASA 
STT,CTCP Vận chuyển Sài Gòn Tourist
SFN,CTCP Dệt lưới Sài Gòn
TTH,CTCP Thương mại và Dịch vụ Tiến Thành
PMT,CTCP Viễn thông TELVINA Việt Nam
VST,CTCP Vận tải và Thuê tàu biển Việt Nam
DRI,CTCP Đầu tư Cao su Đắk Lắk
TTA,CTCP Đầu tư Xây dựng và Phát triển Trường Thành
VIT,CTCP Viglacera Tiên Sơn
DDB,CTCP Thương mại và Xây dựng Đông Dương
VMD,CTCP Y Dược phẩm Vimedimex
DSN,CTCP Công viên nước Đầm Sen
VTA,CTCP Vitaly
JVC,CTCP Đầu tư Y tế - Dược phẩm Việt Nam
GSM,CTCP Thủy điện Hương Sơn
THG,CTCP Đầu tư và Xây dựng Tiền Giang
VLA,CTCP Đầu tư và Phát triển Công nghệ Văn Lang
TR1,CTCP Vận Tải 1 Traco
GEG,CTCP Điện Gia Lai
TTZ,CTCP Đầu tư Xây dựng và Công nghệ Tiến Trung
CNN,"CTCP Tư vấn Công nghệ, Thiết bị và Kiểm Định Xây dựng - Coninco"
DDH,CTCP Đảm bảo Giao thông Đường thủy Hải Phòng
RYG,CTCP Sản xuất và Đầu tư Hoàng Gia
VE4,CTCP Xây dựng Điện VNECO4
MBN,CTCP Môi trường và Công trình đô thị Bắc Ninh
PHR,CTCP Cao su Phước Hòa
CMV,CTCP Thương nghiệp Cà Mau
TOW,CTCP Cấp nước Trà Nóc - Ô Môn
CTP,CTCP Tập đoàn CTP Group
VTX,CTCP Vận tải Đa Phương Thức Vietranstimex
DXV,CTCP VICEM Vật liệu Xây dựng Đà Nẵng
SDD,CTCP Đầu tư và Xây lắp Sông Đà
TH1,CTCP Xuất nhập khẩu Tổng hợp I Việt Nam
AAH,CTCP Hợp Nhất
FMC,CTCP Thực phẩm Sao Ta
EMS,Tổng Công ty Chuyển phát nhanh Bưu Điện - CTCP
BHC,CTCP Bê tông Biên Hòa
SSI,CTCP Chứng khoán SSI
SDV,CTCP Dịch vụ Sonadezi
LDW,CTCP Cấp thoát nước Lâm Đồng
S99,CTCP SCI
SDC,CTCP Tư vấn Sông Đà
UPH,CTCP Dược phẩm TW 25
C22,CTCP 22
CKG,CTCP Tập đoàn CIC
SGB,Ngân hàng TMCP Sài Gòn Công Thương
NHV,CTCP Sức Khỏe Hồi Sinh Việt Nam
DNM,Tổng Công ty cổ phần Y tế DANAMECO
FPT,CTCP FPT
ABR,CTCP Đầu tư Nhãn hiệu Việt
NTC,CTCP Khu Công nghiệp Nam Tân Uyên
SKG,CTCP Tàu cao tốc Superdong - Kiên Giang
MSB,Ngân hàng TMCP Hàng hải Việt Nam
AG1,CTCP 28.1
BCM,Tập đoàn Đầu tư và Phát triển Công nghiệp Becamex - CTCP
SJF,CTCP Đầu tư Sao Thái Dương
NQB,CTCP Cấp nước Quảng Bình
NKG,CTCP Thép Nam Kim
HEP,CTCP Môi trường và Công trình Đô thị Huế
AAS,CTCP Chứng khoán SmartInvest 
HNR,CTCP Rượu và Nước giải khát Hà Nội
ORS,CTCP Chứng khoán Tiên Phong
BSL,CTCP Bia Sài Gòn - Sông Lam
VCF,CTCP Vinacafé Biên Hòa
DRG,CTCP Cao su Đắk Lắk
QNW,CTCP Cấp thoát nước và Xây dựng Quảng Ngãi
ARM,CTCP Xuất nhập khẩu Hàng không
TAN,CTCP Cà phê Thuận An
PXS,CTCP Kết cấu Kim loại và Lắp máy Dầu khí
HSG,CTCP Tập đoàn Hoa Sen
BOT,CTCP BOT Cầu Thái Hà
NAF,CTCP Nafoods Group
ITS,CTCP Đầu tư Thương mại và Dịch vụ - Vinacomin
DHD,CTCP Dược Vật tư Y tế Hải Dương
HBC,CTCP Tập đoàn Xây dựng Hòa Bình
SSH,CTCP Phát triển Sunshine Homes
KTC,CTCP Thương mại Kiên Giang
NDT,Tổng Công ty cổ phần Dệt May Nam Định
INC,CTCP Tư vấn Đầu tư IDICO
AAM,CTCP Thủy sản MeKong
HPB,CTCP Bao bì PP
PDB,CTCP Tập đoàn Đầu tư Din Capital
ALV,CTCP Tập đoàn MCST
AGG,CTCP Đầu tư và Phát triển Bất động sản An Gia
VPA,CTCP Vận tải Hoá Dầu VP
HCI,CTCP Đầu tư Xây dựng Hà Nội 
QTC,CTCP Công trình Giao thông Vận tải Quảng Nam
CMK,CTCP Cơ khí Mạo Khê - Vinacomin
CBI,CTCP Gang thép Cao Bằng
PVG,CTCP Kinh doanh LPG Việt Nam
SMB,CTCP Bia Sài Gòn - Miền Trung
TRT,CTCP RedstarCera
BCV,CTCP Du lịch và Thương mại Bằng Giang Cao Bằng - Vimico
INN,CTCP Bao bì và In Nông nghiệp
BTH,CTCP Chế tạo Biến thế và Vật liệu Điện Hà Nội
NJC,CTCP May Nam Định
HNI,CTCP May Hữu Nghị
BLI,Tổng Công ty cổ phần Bảo hiểm Bảo Long
NVT,CTCP Bất động sản Du lịch Ninh Vân Bay
TLG,CTCP Tập đoàn Thiên Long
VTS,CTCP Gạch ngói Từ Sơn
NGC,CTCP Chế biến Thủy sản xuất khẩu Ngô Quyền
CSM,CTCP Công nghiệp Cao su Miền Nam
BDT,CTCP Xây lắp và Vật liệu Xây dựng Đồng Tháp
FCC,CTCP Liên hợp Thực phẩm
MEC,CTCP Cơ khí - Lắp máy Sông Đà
SPM,CTCP SPM
PPT,CTCP Petro Times
BCF,CTCP Thực phẩm Bích Chi
VAB,Ngân hàng TMCP Việt Á
L62,CTCP Lilama 69-2
PPE,CTCP Tư vấn đầu tư PP Enterprise
TOS,CTCP Dịch vụ biển Tân Cảng
TA6,CTCP Đầu tư và Xây lắp Thành An 665
QNU,CTCP Môi trường Đô thị Quảng Nam
DPR,CTCP Cao su Đồng Phú
PDN,CTCP Cảng Đồng Nai
KBC,Tổng Công ty Phát triển Đô thị Kinh Bắc - CTCP
BTP,CTCP Nhiệt điện Bà Rịa
VE3,CTCP Xây dựng Điện VNECO 3
HHV,CTCP Đầu tư Hạ tầng Giao thông Đèo Cả
BBM,CTCP Bia Hà Nội - Nam Định
ILC,CTCP Hợp tác Lao động với nước ngoài
CTX,Tổng Công ty cổ phần Đầu tư Xây dựng và Thương mại Việt Nam
PPP,CTCP Dược phẩm Phong Phú
VND,CTCP Chứng khoán VNDIRECT
SED,CTCP Đầu tư và Phát triển Giáo dục Phương Nam
PEN,CTCP Xây lắp III Petrolimex
SHS,CTCP Chứng khoán Sài Gòn - Hà Nội
HMD,CTCP Hóa chất Minh Đức
RCL,CTCP Địa ốc Chợ Lớn
PMS,CTCP Cơ khí Xăng dầu
LGC,CTCP Đầu tư Cầu đường CII
AGR,CTCP Chứng khoán Agribank
VVS,CTCP Đầu tư phát triển máy Việt Nam
SHB,Ngân hàng TMCP Sài Gòn - Hà Nội
KHW,CTCP Cấp thoát nước Khánh Hòa
SD5,CTCP Sông Đà 5
VOS,CTCP Vận tải Biển Việt Nam
PFL,CTCP Dầu khí Đông Đô
VE8,CTCP Xây dựng Điện VNECO 8
NXT,CTCP Sản xuất và Cung ứng Vật liệu Xây dựng Kon Tum
BSG,CTCP Xe khách Sài Gòn
DPM,Tổng Công ty Phân bón và Hóa chất Dầu khí - CTCP
TTC,CTCP Gạch men Thanh Thanh
TSA,CTCP Đầu tư và Xây lắp Trường Sơn
HPD,CTCP Thủy điện ĐăK Đoa
VBB,Ngân hàng TMCP Việt Nam Thương Tín
TCW,CTCP Kho Vận Tân Cảng
TAL,CTCP Đầu tư Bất động sản Taseco
DHB,CTCP Phân đạm và Hóa chất Hà Bắc
PTM,CTCP Sản xuất Thương mại và Dịch vụ Ô tô PTM
ABB,Ngân hàng TMCP An Bình
LIX,CTCP Bột Giặt Lix
TTS,CTCP Cán Thép Thái Trung
SKV,CTCP Nước giải khát Yến sào Khánh Hòa
TXM,CTCP VICEM Thạch cao Xi măng
SBG,CTCP Tập đoàn Cơ khí Công nghệ cao Siba
MSN,CTCP Tập đoàn Masan
HAX,CTCP Dịch vụ Ô tô Hàng Xanh
EFI,CTCP Đầu tư Tài chính Giáo dục
TTN,CTCP Công nghệ và Truyền thông Việt Nam
SDP,CTCP SDP
DAT,CTCP Đầu tư du lịch và Phát triển Thủy sản
SEB,CTCP Đầu tư và Phát triển Điện Miền Trung
LMI,CTCP Đầu tư Xây dựng Lắp máy IDICO
ICG,CTCP Xây dựng Sông Hồng
HES,CTCP Dịch vụ Giải trí Hà Nội
HU4,CTCP Đầu tư và Xây dựng HUD4
CNC,CTCP Công nghệ Cao Traphaco
RDP,CTCP Rạng Đông Holding
LM7,CTCP Lilama 7
KSB,CTCP Khoáng sản và Xây dựng Bình Dương
HUT,CTCP Tasco
LCM,CTCP Khai thác và Chế biến khoáng sản Lào Cai
BPC,CTCP VICEM Bao bì Bỉm Sơn
DXP,CTCP Cảng Đoạn Xá
CT3,CTCP Đầu tư và Xây dựng Công trình 3
DAN,CTCP Dược Danapha
NAS,CTCP Dịch vụ Hàng không Sân bay Việt Nam
SPD,CTCP Xuất nhập khẩu Thủy sản Miền Trung
CQT,CTCP Xi măng Quán Triều VVMI
PJC,CTCP Thương mại và Vận tải Petrolimex Hà Nội
BCB,CTCP 397
TDS,CTCP Thép Thủ Đức - VNSTEEL
HNG,CTCP Nông nghiệp Quốc tế Hoàng Anh Gia Lai
ADG,CTCP Clever Group
SDY,CTCP Xi măng Sông Đà Yaly
HRB,CTCP Harec Đầu tư và Thương mại
THU,CTCP Môi trường và Công trình Đô thị Thanh Hóa
NCG,CTCP Tập đoàn Nova Consumer
DS3,CTCP DS3
VHH,CTCP Đầu tư Kinh doanh Nhà Thành Đạt
BSR,CTCP - Tổng Công ty Lọc hóa dầu Việt Nam
BDG,CTCP May mặc Bình Dương
UCT,CTCP Đô thị Cần Thơ
SD6,CTCP Sông Đà 6
DC2,CTCP Đầu tư Phát triển - Xây dựng (DIC) số 2
CDP,CTCP Dược phẩm Trung ương Codupha
QST,CTCP Sách và Thiết bị Trường học Quảng Ninh
VSG,CTCP Container Phía Nam
FCN,CTCP FECON
EIB,Ngân hàng TMCP Xuất nhập khẩu Việt Nam
POT,CTCP Thiết bị Bưu điện
RTB,CTCP Cao su Tân Biên
X20,CTCP X20
CMW,CTCP Cấp nước Cà Mau
BVS,CTCP Chứng khoán Bảo Việt
HD8,CTCP Đầu tư Phát triển Nhà và Đô thị HUD8
VPG,CTCP Đầu tư Thương mại Xuất nhập khẩu Việt Phát
VTC,CTCP Viễn thông VTC
ECO,CTCP Nhựa sinh thái Việt Nam
TNH,CTCP Tập đoàn Bệnh viện TNH
DCR,CTCP Gạch men Cosevco
MDF,CTCP Gỗ MDF VRG - Quảng Trị
HDM,CTCP Dệt may Huế
PTH,CTCP Vận tải và Dịch vụ Petrolimex Hà Tây
MDG,CTCP Miền Đông
SBD,CTCP Công nghệ Sao Bắc Đẩu
VMC,CTCP Vimeco
PWA,CTCP Bất động sản Dầu khí
FIR,CTCP Địa ốc First Real
SCS,CTCP Dịch vụ Hàng hóa Sài Gòn
CT6,CTCP Công trình 6
AAA,CTCP Nhựa An Phát Xanh
AVC,CTCP Thủy điện A Vương
CMX,CTCP Camimex Group
BVB,Ngân hàng TMCP Bản Việt
BTD,CTCP Bê tông Ly tâm Thủ Đức
GIC,CTCP VSC Green Logistics
HEV,CTCP Sách Đại học - Dạy nghề
HDA,CTCP Hãng sơn Đông Á
VHE,CTCP Dược liệu và Thực phẩm Việt Nam
SVH,CTCP Thủy điện Sông Vàng
TSG,CTCP Thông tin Tín hiệu Đường sắt Sài Gòn
TVG,CTCP Tư vấn Đầu tư và Xây dựng Giao thông Vận tải
VPC,CTCP Đầu tư và Phát triển Năng lượng Việt Nam
ACL,CTCP Xuất nhập khẩu Thủy sản Cửu Long An Giang
SNZ,Tổng Công ty cổ phần Phát triển Khu Công nghiệp
DVP,CTCP Đầu tư và Phát triển Cảng Đình Vũ
UEM,CTCP Cơ điện Uông Bí - Vinacomin
BAB,Ngân hàng TMCP Bắc Á
ASG,CTCP Tập đoàn ASG
VSI,CTCP Đầu tư và Xây dựng Cấp thoát nước
CGV,CTCP Vinaceglass
MAS,CTCP Dịch vụ Hàng không Sân bay Đà Nẵng
CCS,CTCP Chíp Sáng
SVG,CTCP Hơi Kỹ nghệ Que hàn
HLO,CTCP Công nghệ Ha Lô
BTB,CTCP Bia Hà Nội - Thái Bình
PLO,CTCP Kho Vận Petec
SCJ,CTCP Xi măng Sài Sơn
BMP,CTCP Nhựa Bình Minh
AMS,CTCP Cơ khí Xây dựng AMECC
ST8,CTCP Tập đoàn ST8
PRC,CTCP Logistics Portserco
HUB,CTCP Xây lắp Thừa Thiên Huế
SAB,Tổng Công ty cổ phần Bia - Rượu - Nước giải khát Sài Gòn
DNN,CTCP Cấp nước Đà Nẵng
PLC,Tổng Công ty Hóa dầu Petrolimex - CTCP
VMK,CTCP Vimarko
HNM,CTCP Sữa Hà Nội
TSJ,CTCP Du lịch Dịch vụ Hà Nội
PBT,CTCP Bao bì và Thương mại dầu khí Bình Sơn
BVL,CTCP BV Land
DCL,CTCP Dược phẩm Cửu Long
SPB,CTCP Sợi Phú Bài
BKG,CTCP Đầu tư BKG Việt Nam
VFS,CTCP Chứng khoán Nhất Việt
S4A,CTCP Thủy điện Sê San 4A
KPF,CTCP Đầu tư tài sản Koji
CAN,CTCP Đồ hộp Hạ Long
PNG,CTCP Thương mại Phú Nhuận
HNF,CTCP Thực phẩm Hữu Nghị
DNC,CTCP Điện Nước Lắp máy Hải Phòng
BTV,CTCP Dịch vụ Du lịch Bến Thành
HRC,CTCP Cao su Hòa Bình
NSH,CTCP Tập Đoàn Nhôm Sông Hồng Shalumi
TAB,CTCP Freco Việt Nam
NTW,CTCP Cấp nước Nhơn Trạch
MCO,CTCP Đầu tư và Xây dựng BDC Việt Nam
MZG,CTCP Miza
CQN,CTCP Cảng Quảng Ninh
VNS,CTCP Ánh Dương Việt Nam
CLX,CTCP Xuất nhập khẩu và Đầu tư Chợ Lớn (CHOLIMEX)
ATA,CTCP Ntaco
SFC,CTCP Nhiên liệu Sài Gòn
SRB,CTCP Tập đoàn Sara
KTS,CTCP Đường Kon Tum
TBW,CTCP Nước sạch Thái Bình
TVN,Tổng Công ty Thép Việt Nam - CTCP
PPY,CTCP Xăng dầu Dầu khí Phú Yên
LBM,CTCP Khoáng sản và Vật liệu Xây dựng Lâm Đồng
SD9,CTCP Sông Đà 9
UDJ,CTCP Phát triển Đô thị
BT6,CTCP Beton 6
PPC,CTCP Nhiệt điện Phả Lại
PTB,CTCP Phú Tài
BRR,CTCP Cao su Bà Rịa
PMC,CTCP Dược phẩm Dược liệu Pharmedic
LAW,CTCP Cấp thoát nước Long An
BVH,Tập đoàn Bảo Việt
HDP,CTCP Dược Hà Tĩnh
VLS,CTCP Sản xuất Thép Việt Long
TN1,CTCP Rox Key Holdings
TCH,CTCP Đầu tư Dịch vụ Tài chính Hoàng Huy
SC5,CTCP Xây dựng Số 5
KVC,CTCP Sản xuất Xuất nhập khẩu Inox Kim Vĩ
VTK,CTCP Tư Vấn Và Dịch Vụ Viettel
DBT,CTCP Dược phẩm Bến Tre
KDH,CTCP Đầu tư và Kinh doanh Nhà Khang Điền
NVB,Ngân hàng TMCP Quốc Dân
TMX,CTCP VICEM Thương mại Xi măng
MTB,CTCP Môi trường và Công trình Đô thị Thái Bình
STG,CTCP Kho vận Miền Nam
SAF,CTCP Lương thực Thực phẩm Safoco
XMD,CTCP Xuân Mai - Đạo Tú
TGG,CTCP The Golden Group
TLP,Tổng Công ty Thương mại Xuất nhập khẩu Thanh Lễ - CTCP
SJ1,CTCP Nông nghiệp Hùng Hậu
LIC,Tổng Công ty LICOGI - CTCP
HHN,CTCP Vận tải và Dịch vụ Hàng hóa Hà Nội
CEN,CTCP CENCON Việt Nam
PTL,CTCP Victory Group
CAR,CTCP Tập đoàn Giáo dục Trí Việt
TQW,CTCP Cấp thoát nước Tuyên Quang
SVD,CTCP Đầu tư & Thương mại Vũ Đăng
SD4,CTCP Sông Đà 4
SGD,CTCP Sách Giáo dục tại Thành phố Hồ Chí Minh
GLW,CTCP Cấp thoát nước Gia Lai
TTG,CTCP May Thanh Trì
TVB,CTCP Chứng khoán T-Cap
UTT,CTCP Môi trường Nam Thành
POW,Tổng Công ty Điện lực Dầu khí Việt Nam - CTCP
CX8,CTCP Đầu tư và Xây lắp Constrexim Số 8
VCK,CTCP Chứng khoán VPS
LDG,CTCP Đầu tư LDG
DMN,CTCP Domenal
MPC,CTCP Tập đoàn Thủy sản Minh Phú
NED,CTCP Đầu tư và Phát triển Điện Tây Bắc
TIG,CTCP Tập đoàn Đầu tư Thăng Long
PSL,CTCP Chăn nuôi Phú Sơn
DNE,CTCP Môi trường Đô thị Đà Nẵng
CAG,CTCP Cảng An Giang
PVP,CTCP Vận tải Dầu khí Thái Bình Dương
XMC,CTCP Đầu tư và Xây dựng Xuân Mai
VVN,Tổng Công ty cổ phần Xây dựng Công nghiệp Việt Nam
CNG,CTCP CNG Việt Nam
ICN,CTCP Đầu tư Xây dựng Dầu khí IDICO
KIP,CTCP K.I.P Việt Nam
XMP,CTCP Thủy điện Xuân Minh
VSF,Tổng Công ty Lương thực Miền Nam - CTCP
DCG,CTCP Tổng Công ty May Đáp Cầu
GMX,CTCP Gạch ngói Gốm Xây dựng Mỹ Xuân
SAV,CTCP Hợp tác Kinh tế và Xuất nhập khẩu Savimex
HVN,Tổng Công ty Hàng không Việt Nam - CTCP
OCB,Ngân hàng TMCP Phương Đông
THD,CTCP Thaiholdings
CLC,CTCP Cát Lợi
VTZ,CTCP Sản xuất và Thương mại Nhựa Việt Thành
HTP,CTCP In Sách Giáo khoa Hòa Phát
PPI,CTCP Đầu tư và Phát triển Dự án Hạ tầng Thái Bình Dương
GAS,Tổng Công ty Khí Việt Nam - CTCP
HPW,CTCP Cấp nước Hải Phòng
LDP,CTCP Dược Lâm Đồng (Ladophar)
PAS,CTCP Quốc tế Phương Anh
SHP,CTCP Thủy điện Miền Nam
NTH,CTCP Thủy điện Nước Trong
SCR,CTCP Địa ốc Sài Gòn Thương Tín
CKV,CTCP COKYVINA
VSE,CTCP Dịch vụ Đường cao tốc Việt Nam
NNC,CTCP Đá Núi Nhỏ
TMS,CTCP Transimex
STC,CTCP Sách và Thiết bị Trường học Thành phố Hồ Chí Minh
NVL,CTCP Tập đoàn Đầu tư Địa ốc No Va 
DAS,CTCP Máy - Thiết bị Dầu khí Đà Nẵng
DIC,CTCP Đầu tư và Thương mại DIC
SBA,CTCP Sông Ba
TDH,CTCP Phát triển Nhà Thủ Đức
RIC,CTCP Quốc tế Hoàng Gia
DBC,CTCP Tập đoàn Dabaco Việt Nam
STP,CTCP Công nghiệp Thương mại Sông Đà
SPH,CTCP Xuất nhập khẩu Thủy sản Hà Nội
E12,CTCP Xây dựng Điện VNECO12
BGW,CTCP Nước sạch Bắc Giang
AGX,CTCP Thực phẩm Nông Sản xuất khẩu Sài Gòn
TNW,CTCP Nước sạch Thái Nguyên
PAC,CTCP Pin Ắc quy Miền Nam
GSP,CTCP Vận tải Sản Phẩm Khí Quốc tế
CPC,CTCP Thuốc sát trùng Cần Thơ
NSS,CTCP Nông Súc Sản Đồng Nai
HKB,CTCP Nông nghiệp và Thực phẩm Hà Nội - Kinh Bắc
BHN,Tổng Công ty cổ phần Bia - Rượu - Nước giải khát Hà Nội
PSP,CTCP Cảng Dịch vụ Dầu khí Đình Vũ
VW3,CTCP Viwaseen3
CCC,CTCP Xây dựng CDC
DTL,CTCP Đại Thiên Lộc
DL1,CTCP Tập đoàn Alpha Seven
GH3,CTCP Công trình Giao thông Hà Nội
SKH,CTCP Nước giải khát Sanest Khánh Hòa
HSA,CTCP Hestia
HTV,CTCP Logistics Vicem
HEC,CTCP Tư vấn Xây dựng Thủy Lợi II
CMD,CTCP Vật liệu Xây dựng và Trang trí nội thất Thành phố Hồ Chí Minh
BQB,CTCP Bia Hà Nội - Quảng Bình
CRE,CTCP Bất động sản Thế Kỷ
DTH,CTCP Dược - Vật tư Y Tế Thanh Hóa
HIO,CTCP Helio Energy
VNF,CTCP Vinafreight
HPP,CTCP Sơn Hải Phòng
NOS,CTCP Vận tải biển và Thương mại Phương Đông
C4G,CTCP Tập đoàn CIENCO4
MBB,Ngân hàng TMCP Quân đội
EIN,CTCP Đầu tư - Thương mại - Dịch vụ Điện Lực
VTQ,CTCP Việt Trung Quảng Bình
VNM,CTCP Sữa Việt Nam
TEG,CTCP Trường Thành Energy Group
DLT,CTCP Du lịch và Thương mại - Vinacomin
CTR,Tổng Công ty cổ phần Công trình Viettel
CMI,CTCP CMISTONE Việt Nam
VNT,CTCP Giao nhận Vận tải Ngoại thương
VC9,CTCP Xây dựng số 9 - VC9
NBT,CTCP Cấp thoát nước Bến Tre
STK,CTCP Sợi Thế Kỷ
DOP,CTCP Vận tải Xăng dầu Đồng Tháp
BDW,CTCP Cấp thoát nước Bình Định
QNT,CTCP Tư vấn Phát triển Quảng Nam
ACC,CTCP Đầu tư và Xây dựng Bình Dương ACC
BXH,CTCP VICEM Bao bì Hải Phòng
TCD,CTCP Tập đoàn Xây dựng TRACODI
CMF,CTCP Thực phẩm Cholimex
HDC,CTCP Phát triển Nhà Bà Rịa - Vũng Tàu
XHC,CTCP Xuân Hòa Việt Nam
HOT,CTCP Du lịch - Dịch vụ Hội An
BTN,CTCP Đầu tư Bitco Bình Định
DHC,CTCP Đông Hải Bến Tre
VNE,Tổng Công ty cổ phần Xây dựng Điện Việt Nam
HCC,CTCP Bê tông Hòa Cầm - Intimex
CMT,CTCP Công nghệ Mạng và Truyền thông
CDN,CTCP Cảng Đà Nẵng
PCF,CTCP Cà phê PETEC
TKA,CTCP Bao bì Tân Khánh An
ILA,CTCP ILA
BIO,CTCP Vắc xin và Sinh phẩm Nha Trang
HAM,CTCP Vật tư Hậu Giang
AST,CTCP Dịch vụ Hàng không Taseco
DWS,CTCP Cấp nước và Môi trường đô thị Đồng Tháp
SNC,CTCP Xuất nhập khẩu Thủy sản Năm Căn
GDH,CTCP Tập đoàn GDC
TS3,CTCP Trường Sơn 532
TVS,CTCP Chứng khoán Thiên Việt
ACS,CTCP Xây lắp Thương mại 2
TD6,CTCP Than Đèo Nai - Cọc Sáu - TKV
PGS,CTCP Kinh doanh Khí Miền Nam
RBC,CTCP Công nghiệp và Xuất nhập khẩu Cao su
CSV,CTCP Hóa chất Cơ bản Miền Nam
PIS,Tổng Công ty Pisico Bình Định - CTCP
SEP,CTCP Tổng Công ty Thương mại Quảng Trị
FRT,CTCP Bán lẻ Kỹ thuật số FPT
LAS,CTCP Supe Phốt phát và Hóa chất Lâm Thao
DPG,CTCP Tập đoàn Đạt Phương
HU6,CTCP Đầu tư Phát triển Nhà và Đô thị HUD6
PWS,CTCP Cấp thoát nước Phú Yên
VPI,CTCP Phát triển Bất động sản Văn Phú
ASP,CTCP Tập đoàn Dầu khí An Pha
HBD,CTCP Bao Bì PP Bình Dương
MTH,CTCP Môi trường Đô thị Hà Đông
HJS,CTCP Thủy điện Nậm Mu
PRO,CTCP Procimex Việt Nam
BSI,CTCP Chứng khoán BIDV
DIH,CTCP Đầu tư Phát triển Xây dựng - Hội An
BCG,CTCP Tập đoàn Bamboo Capital
IMP,CTCP Dược phẩm Imexpharm
PIV,CTCP PIV
DRC,CTCP Cao su Đà Nẵng
FID,CTCP Đầu tư và Phát triển Doanh nghiệp Việt Nam
BIC,Tổng Công ty cổ phần Bảo hiểm Ngân hàng Đầu tư và Phát triển Việt Nam
ITD,CTCP Công nghệ ITD
BSA,CTCP Thủy điện Buôn Đôn
SD7,CTCP Sông Đà 7
STH,CTCP STH Holdings
VGP,CTCP Cảng Rau Quả
TVM,CTCP Tư vấn Đầu tư mỏ và Công Nghiệp - Vinacomin
LGL,CTCP Đầu tư và Phát triển Đô thị Long Giang
SCO,CTCP Công nghiệp Thủy sản
MGR,CTCP Tập đoàn MGROUP
CDO,CTCP Tư vấn Thiết kế và Phát triển Đô thị
BCA,CTCP B.C.H
NTL,CTCP Phát triển Đô thị Từ Liêm
PPH,Tổng Công ty cổ phần Phong Phú
MDC,CTCP Than Mông Dương - Vinacomin
DM7,CTCP Dệt May 7
CMM,CTCP Camimex
TPS,CTCP Bến Bãi Vận tải Sài Gòn
BMG,CTCP May Bình Minh
HMH,CTCP Hải Minh
NDC,CTCP Nam Dược
SRF,CTCP SEAREFICO
ONE,CTCP Công nghệ One
SHC,CTCP Hàng hải Sài Gòn
KKC,CTCP Tập Đoàn Thành Thái
STL,CTCP Sông Đà Thăng Long
TW3,CTCP Dược Trung ương 3
RCC,CTCP Tổng Công ty Công trình Đường sắt Việt Nam
TET,CTCP Vải sợi May mặc Miền Bắc
SPI,CTCP Spiral Galaxy
TTF,CTCP Tập đoàn Kỹ nghệ gỗ Trường Thành
BBS,CTCP VICEM Bao bì Bút Sơn
TOP,CTCP Phân phối Top One
DFF,CTCP Tập đoàn Đua Fat
MIE,Tổng Công ty Máy và Thiết bị Công nghiệp - CTCP
PGV,Tổng Công ty Phát điện 3 - CTCP
MIG,Tổng Công ty cổ phần Bảo hiểm Quân Đội
SBM,CTCP Đầu tư Phát triển Bắc Minh
NDP,CTCP Dược phẩm 2/9
CET,CTCP HTC Holding
HVA,CTCP Đầu tư HVA
VCB,Ngân hàng TMCP Ngoại thương Việt Nam
LUT,CTCP Đầu tư Xây dựng Lương Tài
PVR,CTCP Đầu tư PVR Hà Nội
VDG,CTCP Vạn Đạt Group
BAL,CTCP Bao bì Bia - Rượu - Nước giải khát
CLM,CTCP Xuất nhập khẩu Than - Vinacomin
KMR,CTCP Mirae
LAI,CTCP Đầu Tư Xây dựng Long An IDICO
HBS,CTCP Chứng khoán Hòa Bình
TCR,CTCP Công nghiệp Gốm sứ Taicera
PTC,CTCP Đầu Tư Icapital
POM,CTCP Thép Pomina
GLT,CTCP Kỹ thuật Điện Toàn cầu
VDN,CTCP Vinatex Đà Nẵng
FIC,Tổng Công ty Vật liệu Xây dựng số 1 - CTCP
NTP,CTCP Nhựa Thiếu niên Tiền Phong
AMV,CTCP Sản xuất Kinh doanh Dược và Trang thiết bị Y tế Việt Mỹ
TCO,CTCP Janus Group
DSG,CTCP Kính Đáp Cầu
SBH,CTCP Thủy điện Sông Ba Hạ
DKG,CTCP Tập đoàn Damik
SAC,CTCP Xếp dỡ và Dịch vụ Cảng Sài Gòn
TA9,CTCP Xây lắp Thành An 96
PCH,CTCP Nhựa Picomat
VNB,CTCP Sách Việt Nam
VPR,CTCP VinaPrint
BMF,CTCP Vật liệu Xây dựng và Chất đốt Đồng Nai
EVE,CTCP Everpia
VC7,CTCP Tập đoàn BGI
HLS,CTCP Sứ Kỹ thuật Hoàng Liên Sơn
TST,CTCP Dịch vụ Kỹ Thuật Viễn thông
VTR,CTCP Du lịch Vietravel
PGC,Tổng Công ty Gas Petrolimex - CTCP
OCH,CTCP One Capital Hospitality
NAP,CTCP Cảng Nghệ Tĩnh
L12,CTCP Licogi 12
BED,CTCP Sách và Thiết bị Trường học Đà Nẵng
QCG,CTCP Quốc Cường Gia Lai
EID,CTCP Đầu tư và Phát triển Giáo dục Hà Nội
PVT,Tổng Công ty cổ phần Vận tải Dầu khí
CPA,CTCP Cà phê Phước An
CTG,Ngân hàng TMCP Công Thương Việt Nam
LCG,CTCP Lizen
KSD,CTCP Đầu tư DNA
NCS,CTCP Suất ăn Hàng không Nội Bài
TNS,CTCP Thép tấm lá Thống Nhất
SZC,CTCP Sonadezi Châu Đức
DHG,CTCP Dược Hậu Giang
PHS,CTCP Chứng khoán Phú Hưng
QTP,CTCP Nhiệt điện Quảng Ninh
PTS,CTCP Vận tải và Dịch vụ Petrolimex Hải Phòng
SCG,CTCP Tập đoàn Xây dựng SCG
VCT,CTCP Tư vấn Xây dựng Vinaconex
MES,CTCP Cơ điện Công trình
VNH,CTCP Đầu tư Việt Việt Nhật
YTC,CTCP Xuất nhập khẩu Y tế Thành phố Hồ Chí Minh
APL,CTCP Cơ khí và Thiết bị áp lực - VVMI
